Type;id;transforms--constraints--BalanceConstraint;transforms--timedata;edges--elec_edge--commodity;edges--elec_edge--unidirectional;edges--elec_edge--has_capacity;edges--elec_edge--uc;edges--elec_edge--integer_decisions;edges--elec_edge--constraints--CapacityConstraint;edges--elec_edge--constraints--RampingLimitConstraint;edges--elec_edge--constraints--MinFlowConstraint;edges--elec_edge--constraints--MinUpTimeConstraint;edges--elec_edge--constraints--MinDownTimeConstraint;edges--fuel_edge--commodity;edges--fuel_edge--unidirectional;edges--fuel_edge--has_capacity;edges--co2_edge--commodity;edges--co2_edge--unidirectional;edges--co2_edge--has_capacity;edges--co2_edge--end_vertex;transforms--emission_rate;transforms--fuel_consumption;edges--elec_edge--end_vertex;edges--elec_edge--can_retire;edges--elec_edge--can_expand;edges--elec_edge--existing_capacity;edges--elec_edge--investment_cost;edges--elec_edge--fixed_om_cost;edges--elec_edge--variable_om_cost;edges--elec_edge--capacity_size;edges--elec_edge--startup_cost;edges--elec_edge--startup_fuel_consumption;edges--elec_edge--min_up_time;edges--elec_edge--min_down_time;edges--elec_edge--ramp_up_fraction;edges--elec_edge--ramp_down_fraction;edges--elec_edge--min_flow_fraction;edges--fuel_edge--start_vertex
ThermalPower;BR_AC_Combined_Cycle;TRUE;NaturalGas;Electricity;TRUE;TRUE;FALSE;FALSE;TRUE;TRUE;TRUE;FALSE;FALSE;NaturalGas;TRUE;FALSE;CO2;TRUE;FALSE;co2_emitted_BR;0.1813314;2.10561406;elec_BR_AC;TRUE;TRUE;0;1050365.517;41190.8046;7.53;100;104.7;0.58614214;2;1;0.108672;0.108672;0;natgas_BR
ThermalPower;BR_AC_Simple_Cycle;TRUE;NaturalGas;Electricity;TRUE;TRUE;FALSE;FALSE;TRUE;TRUE;TRUE;FALSE;FALSE;NaturalGas;TRUE;FALSE;CO2;TRUE;FALSE;co2_emitted_BR;0.1813528;2.6072995;elec_BR_AC;TRUE;TRUE;0;926793.1034;41190.8046;7.53;100;52;0.58614214;1;1;0.440351;0.440351;0;natgas_BR
ThermalPower;BR_AL_Combined_Cycle;TRUE;NaturalGas;Electricity;TRUE;TRUE;FALSE;FALSE;TRUE;TRUE;TRUE;FALSE;FALSE;NaturalGas;TRUE;FALSE;CO2;TRUE;FALSE;co2_emitted_BR;0.1813314;2.10561406;elec_BR_AL;TRUE;TRUE;0;1050365.517;41190.8046;7.53;100;104.7;0.58614214;2;1;0.108672;0.108672;0;natgas_BR
ThermalPower;BR_AL_Simple_Cycle;TRUE;NaturalGas;Electricity;TRUE;TRUE;FALSE;FALSE;TRUE;TRUE;TRUE;FALSE;FALSE;NaturalGas;TRUE;FALSE;CO2;TRUE;FALSE;co2_emitted_BR;0.1813528;2.6072995;elec_BR_AL;TRUE;TRUE;0;926793.1034;41190.8046;7.53;100;52;0.58614214;1;1;0.440351;0.440351;0;natgas_BR
ThermalPower;BR_AM_Combined_Cycle;TRUE;NaturalGas;Electricity;TRUE;TRUE;FALSE;FALSE;TRUE;TRUE;TRUE;FALSE;FALSE;NaturalGas;TRUE;FALSE;CO2;TRUE;FALSE;co2_emitted_BR;0.1813314;2.10561406;elec_BR_AM;TRUE;TRUE;0;1050365.517;41190.8046;7.53;100;104.7;0.58614214;2;1;0.108672;0.108672;0;natgas_BR
ThermalPower;BR_AM_Combined_Cycle_Existing;TRUE;NaturalGas;Electricity;TRUE;TRUE;FALSE;FALSE;TRUE;TRUE;TRUE;FALSE;FALSE;NaturalGas;TRUE;FALSE;CO2;TRUE;FALSE;co2_emitted_BR;0.1813314;2.10561406;elec_BR_AM;TRUE;FALSE;591;0;146227.3563;1.1;591;104.7;0.58614214;2;1;0.108672;0.108672;0;natgas_BR
ThermalPower;BR_AM_Simple_Cycle;TRUE;NaturalGas;Electricity;TRUE;TRUE;FALSE;FALSE;TRUE;TRUE;TRUE;FALSE;FALSE;NaturalGas;TRUE;FALSE;CO2;TRUE;FALSE;co2_emitted_BR;0.1813528;2.6072995;elec_BR_AM;TRUE;TRUE;0;926793.1034;41190.8046;7.53;100;52;0.58614214;1;1;0.440351;0.440351;0;natgas_BR
ThermalPower;BR_AM_Simple_Cycle_Existing;TRUE;NaturalGas;Electricity;TRUE;TRUE;FALSE;FALSE;TRUE;TRUE;TRUE;FALSE;FALSE;NaturalGas;TRUE;FALSE;CO2;TRUE;FALSE;co2_emitted_BR;0.1813528;2.6072995;elec_BR_AM;TRUE;FALSE;166;0;41190.8;5;166;52;0.58614214;1;1;0.440351;0.440351;0;natgas_BR
ThermalPower;BR_AP_Combined_Cycle;TRUE;NaturalGas;Electricity;TRUE;TRUE;FALSE;FALSE;TRUE;TRUE;TRUE;FALSE;FALSE;NaturalGas;TRUE;FALSE;CO2;TRUE;FALSE;co2_emitted_BR;0.1813314;2.10561406;elec_BR_AP;TRUE;TRUE;0;1050365.517;41190.8046;7.53;100;104.7;0.58614214;2;1;0.108672;0.108672;0;natgas_BR
ThermalPower;BR_AP_Simple_Cycle;TRUE;NaturalGas;Electricity;TRUE;TRUE;FALSE;FALSE;TRUE;TRUE;TRUE;FALSE;FALSE;NaturalGas;TRUE;FALSE;CO2;TRUE;FALSE;co2_emitted_BR;0.1813528;2.6072995;elec_BR_AP;TRUE;TRUE;0;926793.1034;41190.8046;7.53;100;52;0.58614214;1;1;0.440351;0.440351;0;natgas_BR
ThermalPower;BR_BA_Combined_Cycle;TRUE;NaturalGas;Electricity;TRUE;TRUE;FALSE;FALSE;TRUE;TRUE;TRUE;FALSE;FALSE;NaturalGas;TRUE;FALSE;CO2;TRUE;FALSE;co2_emitted_BR;0.1813314;2.10561406;elec_BR_BA;TRUE;TRUE;0;1050365.517;41190.8046;7.53;100;104.7;0.58614214;2;1;0.108672;0.108672;0;natgas_BR
ThermalPower;BR_BA_Combined_Cycle_Existing;TRUE;NaturalGas;Electricity;TRUE;TRUE;FALSE;FALSE;TRUE;TRUE;TRUE;FALSE;FALSE;NaturalGas;TRUE;FALSE;CO2;TRUE;FALSE;co2_emitted_BR;0.1813314;2.10561406;elec_BR_BA;TRUE;FALSE;186;0;146227.3563;1.1;186;104.7;0.58614214;2;1;0.108672;0.108672;0;natgas_LNG_BR
ThermalPower;BR_BA_Simple_Cycle;TRUE;NaturalGas;Electricity;TRUE;TRUE;FALSE;FALSE;TRUE;TRUE;TRUE;FALSE;FALSE;NaturalGas;TRUE;FALSE;CO2;TRUE;FALSE;co2_emitted_BR;0.1813528;2.6072995;elec_BR_BA;TRUE;TRUE;0;926793.1034;41190.8046;7.53;100;52;0.58614214;1;1;0.440351;0.440351;0;natgas_BR
ThermalPower;BR_BA_Simple_Cycle_Existing;TRUE;NaturalGas;Electricity;TRUE;TRUE;FALSE;FALSE;TRUE;TRUE;TRUE;FALSE;FALSE;NaturalGas;TRUE;FALSE;CO2;TRUE;FALSE;co2_emitted_BR;0.1813528;2.6072995;elec_BR_BA;TRUE;FALSE;131;0;41190.8;5;131;52;0.58614214;1;1;0.440351;0.440351;0;natgas_LNG_BR
ThermalPower;BR_CE_Combined_Cycle;TRUE;NaturalGas;Electricity;TRUE;TRUE;FALSE;FALSE;TRUE;TRUE;TRUE;FALSE;FALSE;NaturalGas;TRUE;FALSE;CO2;TRUE;FALSE;co2_emitted_BR;0.1813314;2.10561406;elec_BR_CE;TRUE;TRUE;0;1050365.517;41190.8046;7.53;100;104.7;0.58614214;2;1;0.108672;0.108672;0;natgas_BR
ThermalPower;BR_CE_Combined_Cycle_Existing;TRUE;NaturalGas;Electricity;TRUE;TRUE;FALSE;FALSE;TRUE;TRUE;TRUE;FALSE;FALSE;NaturalGas;TRUE;FALSE;CO2;TRUE;FALSE;co2_emitted_BR;0.1813314;2.10561406;elec_BR_CE;TRUE;FALSE;547;0;146227.3563;1.1;547;104.7;0.58614214;2;1;0.108672;0.108672;0;natgas_BR
ThermalPower;BR_CE_Simple_Cycle;TRUE;NaturalGas;Electricity;TRUE;TRUE;FALSE;FALSE;TRUE;TRUE;TRUE;FALSE;FALSE;NaturalGas;TRUE;FALSE;CO2;TRUE;FALSE;co2_emitted_BR;0.1813528;2.6072995;elec_BR_CE;TRUE;TRUE;0;926793.1034;41190.8046;7.53;100;52;0.58614214;1;1;0.440351;0.440351;0;natgas_BR
ThermalPower;BR_DF_Combined_Cycle;TRUE;NaturalGas;Electricity;TRUE;TRUE;FALSE;FALSE;TRUE;TRUE;TRUE;FALSE;FALSE;NaturalGas;TRUE;FALSE;CO2;TRUE;FALSE;co2_emitted_BR;0.1813314;2.10561406;elec_BR_DF;TRUE;TRUE;0;1050365.517;41190.8046;7.53;100;104.7;0.58614214;2;1;0.108672;0.108672;0;natgas_BR
ThermalPower;BR_DF_Simple_Cycle;TRUE;NaturalGas;Electricity;TRUE;TRUE;FALSE;FALSE;TRUE;TRUE;TRUE;FALSE;FALSE;NaturalGas;TRUE;FALSE;CO2;TRUE;FALSE;co2_emitted_BR;0.1813528;2.6072995;elec_BR_DF;TRUE;TRUE;0;926793.1034;41190.8046;7.53;100;52;0.58614214;1;1;0.440351;0.440351;0;natgas_BR
ThermalPower;BR_ES_Combined_Cycle;TRUE;NaturalGas;Electricity;TRUE;TRUE;FALSE;FALSE;TRUE;TRUE;TRUE;FALSE;FALSE;NaturalGas;TRUE;FALSE;CO2;TRUE;FALSE;co2_emitted_BR;0.1813314;2.10561406;elec_BR_ES;TRUE;TRUE;0;1050365.517;41190.8046;7.53;100;104.7;0.58614214;2;1;0.108672;0.108672;0;natgas_BR
ThermalPower;BR_ES_Simple_Cycle;TRUE;NaturalGas;Electricity;TRUE;TRUE;FALSE;FALSE;TRUE;TRUE;TRUE;FALSE;FALSE;NaturalGas;TRUE;FALSE;CO2;TRUE;FALSE;co2_emitted_BR;0.1813528;2.6072995;elec_BR_ES;TRUE;TRUE;0;926793.1034;41190.8046;7.53;100;52;0.58614214;1;1;0.440351;0.440351;0;natgas_BR
ThermalPower;BR_GO_Combined_Cycle;TRUE;NaturalGas;Electricity;TRUE;TRUE;FALSE;FALSE;TRUE;TRUE;TRUE;FALSE;FALSE;NaturalGas;TRUE;FALSE;CO2;TRUE;FALSE;co2_emitted_BR;0.1813314;2.10561406;elec_BR_GO;TRUE;TRUE;0;1050365.517;41190.8046;7.53;100;104.7;0.58614214;2;1;0.108672;0.108672;0;natgas_BR
ThermalPower;BR_GO_Simple_Cycle;TRUE;NaturalGas;Electricity;TRUE;TRUE;FALSE;FALSE;TRUE;TRUE;TRUE;FALSE;FALSE;NaturalGas;TRUE;FALSE;CO2;TRUE;FALSE;co2_emitted_BR;0.1813528;2.6072995;elec_BR_GO;TRUE;TRUE;0;926793.1034;41190.8046;7.53;100;52;0.58614214;1;1;0.440351;0.440351;0;natgas_BR
ThermalPower;BR_MA_Combined_Cycle;TRUE;NaturalGas;Electricity;TRUE;TRUE;FALSE;FALSE;TRUE;TRUE;TRUE;FALSE;FALSE;NaturalGas;TRUE;FALSE;CO2;TRUE;FALSE;co2_emitted_BR;0.1813314;2.10561406;elec_BR_MA;TRUE;TRUE;0;1050365.517;41190.8046;7.53;100;104.7;0.58614214;2;1;0.108672;0.108672;0;natgas_BR
ThermalPower;BR_MA_Combined_Cycle_Existing;TRUE;NaturalGas;Electricity;TRUE;TRUE;FALSE;FALSE;TRUE;TRUE;TRUE;FALSE;FALSE;NaturalGas;TRUE;FALSE;CO2;TRUE;FALSE;co2_emitted_BR;0.1813314;2.10561406;elec_BR_MA;TRUE;FALSE;3024;0;146227.3563;1.1;3024;104.7;0.58614214;2;1;0.108672;0.108672;0;natgas_BR
ThermalPower;BR_MA_Simple_Cycle;TRUE;NaturalGas;Electricity;TRUE;TRUE;FALSE;FALSE;TRUE;TRUE;TRUE;FALSE;FALSE;NaturalGas;TRUE;FALSE;CO2;TRUE;FALSE;co2_emitted_BR;0.1813528;2.6072995;elec_BR_MA;TRUE;TRUE;0;926793.1034;41190.8046;7.53;100;52;0.58614214;1;1;0.440351;0.440351;0;natgas_BR
ThermalPower;BR_MA_Simple_Cycle_Existing;TRUE;NaturalGas;Electricity;TRUE;TRUE;FALSE;FALSE;TRUE;TRUE;TRUE;FALSE;FALSE;NaturalGas;TRUE;FALSE;CO2;TRUE;FALSE;co2_emitted_BR;0.1813528;2.6072995;elec_BR_MA;TRUE;FALSE;178;0;41190.8;5;178;52;0.58614214;1;1;0.440351;0.440351;0;natgas_BR
ThermalPower;BR_MG_Combined_Cycle;TRUE;NaturalGas;Electricity;TRUE;TRUE;FALSE;FALSE;TRUE;TRUE;TRUE;FALSE;FALSE;NaturalGas;TRUE;FALSE;CO2;TRUE;FALSE;co2_emitted_BR;0.1813314;2.10561406;elec_BR_MG;TRUE;TRUE;0;1050365.517;41190.8046;7.53;100;104.7;0.58614214;2;1;0.108672;0.108672;0;natgas_BR
ThermalPower;BR_MG_Combined_Cycle_Existing;TRUE;NaturalGas;Electricity;TRUE;TRUE;FALSE;FALSE;TRUE;TRUE;TRUE;FALSE;FALSE;NaturalGas;TRUE;FALSE;CO2;TRUE;FALSE;co2_emitted_BR;0.1813314;2.10561406;elec_BR_MG;TRUE;FALSE;235;0;146227.3563;1.1;235;104.7;0.58614214;2;1;0.108672;0.108672;0;natgas_BR
ThermalPower;BR_MG_Simple_Cycle;TRUE;NaturalGas;Electricity;TRUE;TRUE;FALSE;FALSE;TRUE;TRUE;TRUE;FALSE;FALSE;NaturalGas;TRUE;FALSE;CO2;TRUE;FALSE;co2_emitted_BR;0.1813528;2.6072995;elec_BR_MG;TRUE;TRUE;0;926793.1034;41190.8046;7.53;100;52;0.58614214;1;1;0.440351;0.440351;0;natgas_BR
ThermalPower;BR_MG_Simple_Cycle_Existing;TRUE;NaturalGas;Electricity;TRUE;TRUE;FALSE;FALSE;TRUE;TRUE;TRUE;FALSE;FALSE;NaturalGas;TRUE;FALSE;CO2;TRUE;FALSE;co2_emitted_BR;0.1813528;2.6072995;elec_BR_MG;TRUE;FALSE;87;0;41190.8;5;87;52;0.58614214;1;1;0.440351;0.440351;0;natgas_BR
ThermalPower;BR_MS_Combined_Cycle;TRUE;NaturalGas;Electricity;TRUE;TRUE;FALSE;FALSE;TRUE;TRUE;TRUE;FALSE;FALSE;NaturalGas;TRUE;FALSE;CO2;TRUE;FALSE;co2_emitted_BR;0.1813314;2.10561406;elec_BR_MS;TRUE;TRUE;0;1050365.517;41190.8046;7.53;100;104.7;0.58614214;2;1;0.108672;0.108672;0;natgas_BR
ThermalPower;BR_MS_Combined_Cycle_Existing;TRUE;NaturalGas;Electricity;TRUE;TRUE;FALSE;FALSE;TRUE;TRUE;TRUE;FALSE;FALSE;NaturalGas;TRUE;FALSE;CO2;TRUE;FALSE;co2_emitted_BR;0.1813314;2.10561406;elec_BR_MS;TRUE;FALSE;386;0;146227.3563;1.1;386;104.7;0.58614214;2;1;0.108672;0.108672;0;natgas_BR
ThermalPower;BR_MS_Simple_Cycle;TRUE;NaturalGas;Electricity;TRUE;TRUE;FALSE;FALSE;TRUE;TRUE;TRUE;FALSE;FALSE;NaturalGas;TRUE;FALSE;CO2;TRUE;FALSE;co2_emitted_BR;0.1813528;2.6072995;elec_BR_MS;TRUE;TRUE;0;926793.1034;41190.8046;7.53;100;52;0.58614214;1;1;0.440351;0.440351;0;natgas_BR
ThermalPower;BR_MS_Simple_Cycle_Existing;TRUE;NaturalGas;Electricity;TRUE;TRUE;FALSE;FALSE;TRUE;TRUE;TRUE;FALSE;FALSE;NaturalGas;TRUE;FALSE;CO2;TRUE;FALSE;co2_emitted_BR;0.1813528;2.6072995;elec_BR_MS;TRUE;FALSE;177;0;41190.8;5;177;52;0.58614214;1;1;0.440351;0.440351;0;natgas_BR
ThermalPower;BR_MT_Combined_Cycle;TRUE;NaturalGas;Electricity;TRUE;TRUE;FALSE;FALSE;TRUE;TRUE;TRUE;FALSE;FALSE;NaturalGas;TRUE;FALSE;CO2;TRUE;FALSE;co2_emitted_BR;0.1813314;2.10561406;elec_BR_MT;TRUE;TRUE;0;1050365.517;41190.8046;7.53;100;104.7;0.58614214;2;1;0.108672;0.108672;0;natgas_BR
ThermalPower;BR_MT_Combined_Cycle_Existing;TRUE;NaturalGas;Electricity;TRUE;TRUE;FALSE;FALSE;TRUE;TRUE;TRUE;FALSE;FALSE;NaturalGas;TRUE;FALSE;CO2;TRUE;FALSE;co2_emitted_BR;0.1813314;2.10561406;elec_BR_MT;TRUE;FALSE;529;0;146227.3563;1.1;529;104.7;0.58614214;2;1;0.108672;0.108672;0;natgas_BR
ThermalPower;BR_MT_Simple_Cycle;TRUE;NaturalGas;Electricity;TRUE;TRUE;FALSE;FALSE;TRUE;TRUE;TRUE;FALSE;FALSE;NaturalGas;TRUE;FALSE;CO2;TRUE;FALSE;co2_emitted_BR;0.1813528;2.6072995;elec_BR_MT;TRUE;TRUE;0;926793.1034;41190.8046;7.53;100;52;0.58614214;1;1;0.440351;0.440351;0;natgas_BR
ThermalPower;BR_PA_Combined_Cycle;TRUE;NaturalGas;Electricity;TRUE;TRUE;FALSE;FALSE;TRUE;TRUE;TRUE;FALSE;FALSE;NaturalGas;TRUE;FALSE;CO2;TRUE;FALSE;co2_emitted_BR;0.1813314;2.10561406;elec_BR_PA;TRUE;TRUE;0;1050365.517;41190.8046;7.53;100;104.7;0.58614214;2;1;0.108672;0.108672;0;natgas_BR
ThermalPower;BR_PA_Simple_Cycle;TRUE;NaturalGas;Electricity;TRUE;TRUE;FALSE;FALSE;TRUE;TRUE;TRUE;FALSE;FALSE;NaturalGas;TRUE;FALSE;CO2;TRUE;FALSE;co2_emitted_BR;0.1813528;2.6072995;elec_BR_PA;TRUE;TRUE;0;926793.1034;41190.8046;7.53;100;52;0.58614214;1;1;0.440351;0.440351;0;natgas_BR
ThermalPower;BR_PB_Combined_Cycle;TRUE;NaturalGas;Electricity;TRUE;TRUE;FALSE;FALSE;TRUE;TRUE;TRUE;FALSE;FALSE;NaturalGas;TRUE;FALSE;CO2;TRUE;FALSE;co2_emitted_BR;0.1813314;2.10561406;elec_BR_PB;TRUE;TRUE;0;1050365.517;41190.8046;7.53;100;104.7;0.58614214;2;1;0.108672;0.108672;0;natgas_BR
ThermalPower;BR_PB_Simple_Cycle;TRUE;NaturalGas;Electricity;TRUE;TRUE;FALSE;FALSE;TRUE;TRUE;TRUE;FALSE;FALSE;NaturalGas;TRUE;FALSE;CO2;TRUE;FALSE;co2_emitted_BR;0.1813528;2.6072995;elec_BR_PB;TRUE;TRUE;0;926793.1034;41190.8046;7.53;100;52;0.58614214;1;1;0.440351;0.440351;0;natgas_BR
ThermalPower;BR_PE_Combined_Cycle;TRUE;NaturalGas;Electricity;TRUE;TRUE;FALSE;FALSE;TRUE;TRUE;TRUE;FALSE;FALSE;NaturalGas;TRUE;FALSE;CO2;TRUE;FALSE;co2_emitted_BR;0.1813314;2.10561406;elec_BR_PE;TRUE;TRUE;0;1050365.517;41190.8046;7.53;100;104.7;0.58614214;2;1;0.108672;0.108672;0;natgas_BR
ThermalPower;BR_PE_Combined_Cycle_Existing;TRUE;NaturalGas;Electricity;TRUE;TRUE;FALSE;FALSE;TRUE;TRUE;TRUE;FALSE;FALSE;NaturalGas;TRUE;FALSE;CO2;TRUE;FALSE;co2_emitted_BR;0.1813314;2.10561406;elec_BR_PE;TRUE;FALSE;550;0;146227.3563;1.1;550;104.7;0.58614214;2;1;0.108672;0.108672;0;natgas_BR
ThermalPower;BR_PE_Simple_Cycle;TRUE;NaturalGas;Electricity;TRUE;TRUE;FALSE;FALSE;TRUE;TRUE;TRUE;FALSE;FALSE;NaturalGas;TRUE;FALSE;CO2;TRUE;FALSE;co2_emitted_BR;0.1813528;2.6072995;elec_BR_PE;TRUE;TRUE;0;926793.1034;41190.8046;7.53;100;52;0.58614214;1;1;0.440351;0.440351;0;natgas_BR
ThermalPower;BR_PI_Combined_Cycle;TRUE;NaturalGas;Electricity;TRUE;TRUE;FALSE;FALSE;TRUE;TRUE;TRUE;FALSE;FALSE;NaturalGas;TRUE;FALSE;CO2;TRUE;FALSE;co2_emitted_BR;0.1813314;2.10561406;elec_BR_PI;TRUE;TRUE;0;1050365.517;41190.8046;7.53;100;104.7;0.58614214;2;1;0.108672;0.108672;0;natgas_BR
ThermalPower;BR_PI_Simple_Cycle;TRUE;NaturalGas;Electricity;TRUE;TRUE;FALSE;FALSE;TRUE;TRUE;TRUE;FALSE;FALSE;NaturalGas;TRUE;FALSE;CO2;TRUE;FALSE;co2_emitted_BR;0.1813528;2.6072995;elec_BR_PI;TRUE;TRUE;0;926793.1034;41190.8046;7.53;100;52;0.58614214;1;1;0.440351;0.440351;0;natgas_BR
ThermalPower;BR_PR_Combined_Cycle;TRUE;NaturalGas;Electricity;TRUE;TRUE;FALSE;FALSE;TRUE;TRUE;TRUE;FALSE;FALSE;NaturalGas;TRUE;FALSE;CO2;TRUE;FALSE;co2_emitted_BR;0.1813314;2.10561406;elec_BR_PE;TRUE;TRUE;0;1050365.517;41190.8046;7.53;100;104.7;0.58614214;2;1;0.108672;0.108672;0;natgas_BR
ThermalPower;BR_PR_Combined_Cycle_Existing;TRUE;NaturalGas;Electricity;TRUE;TRUE;FALSE;FALSE;TRUE;TRUE;TRUE;FALSE;FALSE;NaturalGas;TRUE;FALSE;CO2;TRUE;FALSE;co2_emitted_BR;0.1813314;2.10561406;elec_BR_PR;TRUE;FALSE;484;0;146227.3563;1.1;484;104.7;0.58614214;2;1;0.108672;0.108672;0;natgas_BR
ThermalPower;BR_PR_Simple_Cycle;TRUE;NaturalGas;Electricity;TRUE;TRUE;FALSE;FALSE;TRUE;TRUE;TRUE;FALSE;FALSE;NaturalGas;TRUE;FALSE;CO2;TRUE;FALSE;co2_emitted_BR;0.1813528;2.6072995;elec_BR_PR;TRUE;TRUE;0;926793.1034;41190.8046;7.53;100;52;0.58614214;1;1;0.440351;0.440351;0;natgas_BR
ThermalPower;BR_RJ_Combined_Cycle;TRUE;NaturalGas;Electricity;TRUE;TRUE;FALSE;FALSE;TRUE;TRUE;TRUE;FALSE;FALSE;NaturalGas;TRUE;FALSE;CO2;TRUE;FALSE;co2_emitted_BR;0.1813314;2.10561406;elec_BR_RJ;TRUE;TRUE;0;1050365.517;41190.8046;7.53;100;104.7;0.58614214;2;1;0.108672;0.108672;0;natgas_BR
ThermalPower;BR_RJ_Combined_Cycle_Existing;TRUE;NaturalGas;Electricity;TRUE;TRUE;FALSE;FALSE;TRUE;TRUE;TRUE;FALSE;FALSE;NaturalGas;TRUE;FALSE;CO2;TRUE;FALSE;co2_emitted_BR;0.1813314;2.10561406;elec_BR_RJ;TRUE;FALSE;6422;0;146227.3563;1.1;6422;104.7;0.58614214;2;1;0.108672;0.108672;0;natgas_LNG_BR
ThermalPower;BR_RJ_Simple_Cycle;TRUE;NaturalGas;Electricity;TRUE;TRUE;FALSE;FALSE;TRUE;TRUE;TRUE;FALSE;FALSE;NaturalGas;TRUE;FALSE;CO2;TRUE;FALSE;co2_emitted_BR;0.1813528;2.6072995;elec_BR_RJ;TRUE;TRUE;0;926793.1034;41190.8046;7.53;100;52;0.58614214;1;1;0.440351;0.440351;0;natgas_BR
ThermalPower;BR_RJ_Simple_Cycle_Existing;TRUE;NaturalGas;Electricity;TRUE;TRUE;FALSE;FALSE;TRUE;TRUE;TRUE;FALSE;FALSE;NaturalGas;TRUE;FALSE;CO2;TRUE;FALSE;co2_emitted_BR;0.1813528;2.6072995;elec_BR_RJ;TRUE;FALSE;1283;0;41190.8;5;1283;52;0.58614214;1;1;0.440351;0.440351;0;natgas_LNG_BR
ThermalPower;BR_RN_Combined_Cycle;TRUE;NaturalGas;Electricity;TRUE;TRUE;FALSE;FALSE;TRUE;TRUE;TRUE;FALSE;FALSE;NaturalGas;TRUE;FALSE;CO2;TRUE;FALSE;co2_emitted_BR;0.1813314;2.10561406;elec_BR_RN;TRUE;TRUE;0;1050365.517;41190.8046;7.53;100;104.7;0.58614214;2;1;0.108672;0.108672;0;natgas_BR
ThermalPower;BR_RN_Combined_Cycle_Existing;TRUE;NaturalGas;Electricity;TRUE;TRUE;FALSE;FALSE;TRUE;TRUE;TRUE;FALSE;FALSE;NaturalGas;TRUE;FALSE;CO2;TRUE;FALSE;co2_emitted_BR;0.1813314;2.10561406;elec_BR_RN;TRUE;FALSE;110;0;146227.3563;1.1;110;104.7;0.58614214;2;1;0.108672;0.108672;0;natgas_BR
ThermalPower;BR_RN_Simple_Cycle;TRUE;NaturalGas;Electricity;TRUE;TRUE;FALSE;FALSE;TRUE;TRUE;TRUE;FALSE;FALSE;NaturalGas;TRUE;FALSE;CO2;TRUE;FALSE;co2_emitted_BR;0.1813528;2.6072995;elec_BR_RN;TRUE;TRUE;0;926793.1034;41190.8046;7.53;100;52;0.58614214;1;1;0.440351;0.440351;0;natgas_BR
ThermalPower;BR_RO_Combined_Cycle;TRUE;NaturalGas;Electricity;TRUE;TRUE;FALSE;FALSE;TRUE;TRUE;TRUE;FALSE;FALSE;NaturalGas;TRUE;FALSE;CO2;TRUE;FALSE;co2_emitted_BR;0.1813314;2.10561406;elec_BR_RO;TRUE;TRUE;0;1050365.517;41190.8046;7.53;100;104.7;0.58614214;2;1;0.108672;0.108672;0;natgas_BR
ThermalPower;BR_RO_Simple_Cycle;TRUE;NaturalGas;Electricity;TRUE;TRUE;FALSE;FALSE;TRUE;TRUE;TRUE;FALSE;FALSE;NaturalGas;TRUE;FALSE;CO2;TRUE;FALSE;co2_emitted_BR;0.1813528;2.6072995;elec_BR_RO;TRUE;TRUE;0;926793.1034;41190.8046;7.53;100;52;0.58614214;1;1;0.440351;0.440351;0;natgas_BR
ThermalPower;BR_RR_Combined_Cycle;TRUE;NaturalGas;Electricity;TRUE;TRUE;FALSE;FALSE;TRUE;TRUE;TRUE;FALSE;FALSE;NaturalGas;TRUE;FALSE;CO2;TRUE;FALSE;co2_emitted_BR;0.1813314;2.10561406;elec_BR_RR;TRUE;TRUE;0;1050365.517;41190.8046;7.53;100;104.7;0.58614214;2;1;0.108672;0.108672;0;natgas_BR
ThermalPower;BR_RR_Combined_Cycle_Existing;TRUE;NaturalGas;Electricity;TRUE;TRUE;FALSE;FALSE;TRUE;TRUE;TRUE;FALSE;FALSE;NaturalGas;TRUE;FALSE;CO2;TRUE;FALSE;co2_emitted_BR;0.1813314;2.10561406;elec_BR_RR;TRUE;FALSE;141;0;146227.3563;1.1;141;104.7;0.58614214;2;1;0.108672;0.108672;0;natgas_BR
ThermalPower;BR_RR_Simple_Cycle;TRUE;NaturalGas;Electricity;TRUE;TRUE;FALSE;FALSE;TRUE;TRUE;TRUE;FALSE;FALSE;NaturalGas;TRUE;FALSE;CO2;TRUE;FALSE;co2_emitted_BR;0.1813528;2.6072995;elec_BR_RR;TRUE;TRUE;0;926793.1034;41190.8046;7.53;100;52;0.58614214;1;1;0.440351;0.440351;0;natgas_BR
ThermalPower;BR_RS_Combined_Cycle;TRUE;NaturalGas;Electricity;TRUE;TRUE;FALSE;FALSE;TRUE;TRUE;TRUE;FALSE;FALSE;NaturalGas;TRUE;FALSE;CO2;TRUE;FALSE;co2_emitted_BR;0.1813314;2.10561406;elec_BR_RS;TRUE;TRUE;0;1050365.517;41190.8046;7.53;100;104.7;0.58614214;2;1;0.108672;0.108672;0;natgas_BR
ThermalPower;BR_RS_Combined_Cycle_Existing;TRUE;NaturalGas;Electricity;TRUE;TRUE;FALSE;FALSE;TRUE;TRUE;TRUE;FALSE;FALSE;NaturalGas;TRUE;FALSE;CO2;TRUE;FALSE;co2_emitted_BR;0.1813314;2.10561406;elec_BR_RS;TRUE;FALSE;888;0;146227.3563;1.1;888;104.7;0.58614214;2;1;0.108672;0.108672;0;natgas_BR
ThermalPower;BR_RS_Simple_Cycle;TRUE;NaturalGas;Electricity;TRUE;TRUE;FALSE;FALSE;TRUE;TRUE;TRUE;FALSE;FALSE;NaturalGas;TRUE;FALSE;CO2;TRUE;FALSE;co2_emitted_BR;0.1813528;2.6072995;elec_BR_RS;TRUE;TRUE;0;926793.1034;41190.8046;7.53;100;52;0.58614214;1;1;0.440351;0.440351;0;natgas_BR
ThermalPower;BR_SC_Combined_Cycle;TRUE;NaturalGas;Electricity;TRUE;TRUE;FALSE;FALSE;TRUE;TRUE;TRUE;FALSE;FALSE;NaturalGas;TRUE;FALSE;CO2;TRUE;FALSE;co2_emitted_BR;0.1813314;2.10561406;elec_BR_SC;TRUE;TRUE;0;1050365.517;41190.8046;7.53;100;104.7;0.58614214;2;1;0.108672;0.108672;0;natgas_BR
ThermalPower;BR_SC_Simple_Cycle;TRUE;NaturalGas;Electricity;TRUE;TRUE;FALSE;FALSE;TRUE;TRUE;TRUE;FALSE;FALSE;NaturalGas;TRUE;FALSE;CO2;TRUE;FALSE;co2_emitted_BR;0.1813528;2.6072995;elec_BR_SC;TRUE;TRUE;0;926793.1034;41190.8046;7.53;100;52;0.58614214;1;1;0.440351;0.440351;0;natgas_BR
ThermalPower;BR_SE_Combined_Cycle;TRUE;NaturalGas;Electricity;TRUE;TRUE;FALSE;FALSE;TRUE;TRUE;TRUE;FALSE;FALSE;NaturalGas;TRUE;FALSE;CO2;TRUE;FALSE;co2_emitted_BR;0.1813314;2.10561406;elec_BR_SE;TRUE;TRUE;0;1050365.517;41190.8046;7.53;100;104.7;0.58614214;2;1;0.108672;0.108672;0;natgas_BR
ThermalPower;BR_SE_Combined_Cycle_Existing;TRUE;NaturalGas;Electricity;TRUE;TRUE;FALSE;FALSE;TRUE;TRUE;TRUE;FALSE;FALSE;NaturalGas;TRUE;FALSE;CO2;TRUE;FALSE;co2_emitted_BR;0.1813314;2.10561406;elec_BR_SE;TRUE;FALSE;1593;0;146227.3563;1.1;1593;104.7;0.58614214;2;1;0.108672;0.108672;0;natgas_LNG_BR
ThermalPower;BR_SE_Simple_Cycle;TRUE;NaturalGas;Electricity;TRUE;TRUE;FALSE;FALSE;TRUE;TRUE;TRUE;FALSE;FALSE;NaturalGas;TRUE;FALSE;CO2;TRUE;FALSE;co2_emitted_BR;0.1813528;2.6072995;elec_BR_SE;TRUE;TRUE;0;926793.1034;41190.8046;7.53;100;52;0.58614214;1;1;0.440351;0.440351;0;natgas_BR
ThermalPower;BR_SP_Combined_Cycle;TRUE;NaturalGas;Electricity;TRUE;TRUE;FALSE;FALSE;TRUE;TRUE;TRUE;FALSE;FALSE;NaturalGas;TRUE;FALSE;CO2;TRUE;FALSE;co2_emitted_BR;0.1813314;2.10561406;elec_BR_SP;TRUE;TRUE;0;1050365.517;41190.8046;7.53;100;104.7;0.58614214;2;1;0.108672;0.108672;0;natgas_BR
ThermalPower;BR_SP_Combined_Cycle_Existing;TRUE;NaturalGas;Electricity;TRUE;TRUE;FALSE;FALSE;TRUE;TRUE;TRUE;FALSE;FALSE;NaturalGas;TRUE;FALSE;CO2;TRUE;FALSE;co2_emitted_BR;0.1813314;2.10561406;elec_BR_SP;TRUE;FALSE;650;0;146227.3563;1.1;650;104.7;0.58614214;2;1;0.108672;0.108672;0;natgas_BR
ThermalPower;BR_SP_Simple_Cycle;TRUE;NaturalGas;Electricity;TRUE;TRUE;FALSE;FALSE;TRUE;TRUE;TRUE;FALSE;FALSE;NaturalGas;TRUE;FALSE;CO2;TRUE;FALSE;co2_emitted_BR;0.1813528;2.6072995;elec_BR_SP;TRUE;TRUE;0;926793.1034;41190.8046;7.53;100;52;0.58614214;1;1;0.440351;0.440351;0;natgas_BR
ThermalPower;BR_TO_Combined_Cycle;TRUE;NaturalGas;Electricity;TRUE;TRUE;FALSE;FALSE;TRUE;TRUE;TRUE;FALSE;FALSE;NaturalGas;TRUE;FALSE;CO2;TRUE;FALSE;co2_emitted_BR;0.1813314;2.10561406;elec_BR_TO;TRUE;TRUE;0;1050365.517;41190.8046;7.53;100;104.7;0.58614214;2;1;0.108672;0.108672;0;natgas_BR
ThermalPower;BR_TO_Simple_Cycle;TRUE;NaturalGas;Electricity;TRUE;TRUE;FALSE;FALSE;TRUE;TRUE;TRUE;FALSE;FALSE;NaturalGas;TRUE;FALSE;CO2;TRUE;FALSE;co2_emitted_BR;0.1813528;2.6072995;elec_BR_TO;TRUE;TRUE;0;926793.1034;41190.8046;7.53;100;52;0.58614214;1;1;0.440351;0.440351;0;natgas_BR
